"","ta","math_grade","spanish_grade","better_at_math"
"1","Phuong Vu",3.51861456508411,4.30267771167577,FALSE
"2","Yunwei Liang",3.88894525117054,4.42714579753399,FALSE
"3","Yubing Tian",4.98529138381608,3.45062726256549,TRUE
"4","Gavin Sreesangkom",3.97182079103247,3.5726341015748,TRUE
"5","Coco Li",3.82160928019484,3.76570927696141,TRUE
"6","George Zhang",4.02042929214738,3.79316931353523,TRUE
"7","Saurav Sawansukha",3.53223252379703,3.73081165813311,FALSE
"8","Yuyu Madigan",3.15635854598654,3.83795900840195,FALSE
